Keyword,URL,Country,Difficulty,Volume,CPS,Parent Topic,Parent Topic Volume,Last Update,Backlinks,Referring Domains,URL rating,Domain rating,Words,Traffic,Value,Keywords,Top Keyword,Top Keyword Volume,CPC,Position,Type,Title,Global volume,Traffic potential,Global traffic potential,First seen,Intents,Languages,Page type
sls toothpaste,,us,4,1800,0.64,what is sls in toothpaste,1400,2026-02-27 22:42:51,,,,,,,,,,,0.60,1,AI Overview,,3700,1000,2000,2015-10-01,"Informational,Commercial,Non-branded,Non-local",English,
sls toothpaste,https://www.colgate.com/en-us/oral-health/selecting-dental-products/what-sodium-lauryl-sulfate-is-it-safe,us,4,1800,0.64,what is sls in toothpaste,1400,2026-02-27 22:42:51,,,,,,,,,,,0.60,1,"AI Overview, Thumbnail",What Sodium Lauryl Sulfate & Is It Safe? | Colgate®,3700,1000,2000,2015-10-01,"Informational,Commercial,Non-branded,Non-local",English,
sls toothpaste,https://www.drbronner.com/pages/what-is-sls-free-toothpaste,us,4,1800,0.64,what is sls in toothpaste,1400,2026-02-27 22:42:51,,,,,,,,,,,0.60,1,"AI Overview, Thumbnail",SLS Free Toothpaste | What Is Sodium Lauryl Sulfate in ...,3700,1000,2000,2015-10-01,"Informational,Commercial,Non-branded,Non-local",English,
sls toothpaste,https://www.betterandbetter.com/blogs/the-reverie/sls-in-toothpaste,us,4,1800,0.64,what is sls in toothpaste,1400,2026-02-27 22:42:51,,,,,,,,,,,0.60,1,"AI Overview, Thumbnail",Here's Why SLS Is In Your Toothpaste (and Why It's a Problem),3700,1000,2000,2015-10-01,"Informational,Commercial,Non-branded,Non-local",English,
sls toothpaste,https://www.armandhammer.com/en/articles/sls-free-toothpaste,us,4,1800,0.64,what is sls in toothpaste,1400,2026-02-27 22:42:51,,,,,,,,,,,0.60,1,"AI Overview, Thumbnail",What is Sodium Lauryl Sulfate (SLS) & Is it Safe? | ARM & HAMMER™,3700,1000,2000,2015-10-01,"Informational,Commercial,Non-branded,Non-local",English,
sls toothpaste,https://www.reddit.com/r/YouShouldKnow/comments/1545zny/ysk_that_toothpaste_containing_sodium_lauryl/,us,4,1800,0.64,what is sls in toothpaste,1400,2026-02-27 22:42:51,,,,,,,,,,,0.60,1,"AI Overview, Thumbnail",YSK that toothpaste containing Sodium lauryl sulfate can ... - Reddit,3700,1000,2000,2015-10-01,"Informational,Commercial,Non-branded,Non-local",English,
sls toothpaste,https://www.ewg.org/skindeep/browse/ingredients/706110SODIUM_LAURYL_SULFATE/?category=toothpaste,us,4,1800,0.64,what is sls in toothpaste,1400,2026-02-27 22:42:51,,,,,,,,,,,0.60,1,"AI Overview, Thumbnail",Toothpaste Products Containing Sodium Lauryl Sulfate,3700,1000,2000,2015-10-01,"Informational,Commercial,Non-branded,Non-local",English,
sls toothpaste,https://www.sensodyne.com/en-us/oral-health-tips/gum-health/what-is-sls-toothpaste/,us,4,1800,0.64,what is sls in toothpaste,1400,2026-02-27 22:42:51,,,,,,,,,,,0.60,1,"AI Overview, Thumbnail",SLS Toothpaste and Sensitive Teeth - Sensodyne,3700,1000,2000,2015-10-01,"Informational,Commercial,Non-branded,Non-local",English,
sls toothpaste,https://www.boka.com/blogs/guides/sls-in-toothpaste,us,4,1800,0.64,what is sls in toothpaste,1400,2026-02-27 22:42:51,,,,,,,,,,,0.60,1,"AI Overview, Thumbnail",SLS in Toothpaste: Should You Be Worried? - Boka,3700,1000,2000,2015-10-01,"Informational,Commercial,Non-branded,Non-local",English,
sls toothpaste,https://www.dentalherb.com/blog/what-is-sodium-lauryl-sulfate/,us,4,1800,0.64,what is sls in toothpaste,1400,2026-02-27 22:42:51,,,,,,,,,,,0.60,1,"AI Overview, Thumbnail",Sodium Lauryl Sulfate-Free Dental Products,3700,1000,2000,2015-10-01,"Informational,Commercial,Non-branded,Non-local",English,
sls toothpaste,https://www.sensodyne.com/en-us/oral-health-tips/gum-health/what-is-sls-toothpaste/,us,4,1800,0.64,what is sls in toothpaste,1400,2026-02-27 22:42:51,16,5,4,65,0,1215,538.64,93,sls toothpaste,1700,0.60,2,Organic,SLS Toothpaste and Sensitive Teeth,3700,1000,2000,2015-10-01,"Informational,Commercial,Non-branded,Non-local",English,
sls toothpaste,https://www.jacksonavedental.com/post/sls-in-toothpaste-the-good-the-bad-the-ugly,us,4,1800,0.64,what is sls in toothpaste,1400,2026-02-27 22:42:51,,,,,,,,,,,0.60,3,People also ask,Is SLS in toothpaste harmful?,3700,1000,2000,2015-10-01,"Informational,Commercial,Non-branded,Non-local",English,
sls toothpaste,https://www.sensodyne.com/en-us/oral-health-tips/gum-health/what-is-sls-toothpaste/,us,4,1800,0.64,what is sls in toothpaste,1400,2026-02-27 22:42:51,,,,,,,,,,,0.60,3,People also ask,Which toothpastes contain SLS?,3700,1000,2000,2015-10-01,"Informational,Commercial,Non-branded,Non-local",English,
sls toothpaste,https://crest.com/en-us/oral-care-tips/what-is-sodium-lauryl-sulfate-sls-and-why-is-it-an-ingredient-used-in-some-oral-care-products-do-all-crest-toothpastes-and-rinse-products-contain-sodium-lauryl-sulfate-or-laureth-sulfate,us,4,1800,0.64,what is sls in toothpaste,1400,2026-02-27 22:42:51,,,,,,,,,,,0.60,3,People also ask,Does crest toothpaste have SLS?,3700,1000,2000,2015-10-01,"Informational,Commercial,Non-branded,Non-local",English,
sls toothpaste,https://www.target.com/c/toothpaste-oral-care-personal/sodium-lauryl-sulfate-free/-/N-5xtzsZmope0,us,4,1800,0.64,what is sls in toothpaste,1400,2026-02-27 22:42:51,,,,,,,,,,,0.60,3,People also ask,Which toothpaste contains no SLS?,3700,1000,2000,2015-10-01,"Informational,Commercial,Non-branded,Non-local",English,
sls toothpaste,https://www.ewg.org/skindeep/browse/ingredients/706110SODIUM_LAURYL_SULFATE/?category=toothpaste,us,4,1800,0.64,what is sls in toothpaste,1400,2026-02-27 22:42:51,1,1,4,89,0,658,250.43,28,sodium lauryl sulfate toothpaste,900,0.60,4,Organic,Toothpaste Products Containing Sodium Lauryl Sulfate,3700,1000,2000,2015-10-01,"Informational,Commercial,Non-branded,Non-local",English,
sls toothpaste,https://www.reddit.com/r/todayilearned/comments/63uwxm/til_almost_all_major_toothpaste_brands_contain/,us,4,1800,0.64,what is sls in toothpaste,1400,2026-02-27 22:42:51,1,1,0,95,,268,91.99,41,sls toothpaste,1700,0.60,5,Organic,TIL almost all major toothpaste brands contain sodium ...,3700,1000,2000,2015-10-01,"Informational,Commercial,Non-branded,Non-local",English,
sls toothpaste,https://www.reddit.com/r/30PlusSkinCare/comments/13w6rws/just_try_the_damn_slsfree_toothpaste_already/,us,4,1800,0.64,what is sls in toothpaste,1400,2026-02-27 22:42:51,,,,,,,,,,,0.60,5,Sitelinks,Just try the damn SLS -free toothpaste already! - Reddit,3700,1000,2000,2015-10-01,"Informational,Commercial,Non-branded,Non-local",English,
sls toothpaste,https://www.reddit.com/r/YouShouldKnow/comments/1545zny/ysk_that_toothpaste_containing_sodium_lauryl/,us,4,1800,0.64,what is sls in toothpaste,1400,2026-02-27 22:42:51,,,,,,,,,,,0.60,5,Sitelinks,YSK that toothpaste containing Sodium lauryl sulfate ...,3700,1000,2000,2015-10-01,"Informational,Commercial,Non-branded,Non-local",English,
sls toothpaste,https://www.google.com/search?q=sls+toothpaste+site:www.reddit.com&sca_esv=8910885c1c2cfd19&hl=en&gl=us&sa=X&ved=2ahUKEwj3nf6W3_qSAxWzVmwGHSfQFjQQrQIoAnoECDYQAw,us,4,1800,0.64,what is sls in toothpaste,1400,2026-02-27 22:42:51,,,,,,,,,,,0.60,5,Sitelinks,More results from www.reddit.com,3700,1000,2000,2015-10-01,"Informational,Commercial,Non-branded,Non-local",English,
sls toothpaste,,us,4,1800,0.64,what is sls in toothpaste,1400,2026-02-27 22:42:51,,,,,,,,,,,0.60,6,"Shopping, Thumbnail",Sensodyne Extra Whitening Toothpaste,3700,1000,2000,2015-10-01,"Informational,Commercial,Non-branded,Non-local",English,
sls toothpaste,,us,4,1800,0.64,what is sls in toothpaste,1400,2026-02-27 22:42:51,,,,,,,,,,,0.60,6,"Shopping, Thumbnail",Verve Ultra SLS-Free Toothpaste with Fluoride,3700,1000,2000,2015-10-01,"Informational,Commercial,Non-branded,Non-local",English,
sls toothpaste,,us,4,1800,0.64,what is sls in toothpaste,1400,2026-02-27 22:42:51,,,,,,,,,,,0.60,6,"Shopping, Thumbnail","Sls, Beach hydroxyapatite repair toothpaste, Teeth Toothpaste - Gentle & Refreshing Formula for Cleaning & Brightening, Hydroxyapatite toothpaste,",3700,1000,2000,2015-10-01,"Informational,Commercial,Non-branded,Non-local",English,
sls toothpaste,,us,4,1800,0.64,what is sls in toothpaste,1400,2026-02-27 22:42:51,,,,,,,,,,,0.60,6,"Shopping, Thumbnail",Mint Anticavity Toothpaste,3700,1000,2000,2015-10-01,"Informational,Commercial,Non-branded,Non-local",English,
sls toothpaste,,us,4,1800,0.64,what is sls in toothpaste,1400,2026-02-27 22:42:51,,,,,,,,,,,0.60,6,"Shopping, Thumbnail",Maharishi Ayurveda Herbal Toothpaste Sls&fluoride,3700,1000,2000,2015-10-01,"Informational,Commercial,Non-branded,Non-local",English,
sls toothpaste,,us,4,1800,0.64,what is sls in toothpaste,1400,2026-02-27 22:42:51,,,,,,,,,,,0.60,6,"Shopping, Thumbnail",Colgate Total Whitening Toothpaste,3700,1000,2000,2015-10-01,"Informational,Commercial,Non-branded,Non-local",English,
sls toothpaste,,us,4,1800,0.64,what is sls in toothpaste,1400,2026-02-27 22:42:51,,,,,,,,,,,0.60,6,"Shopping, Thumbnail",711181209198 VERVE Ultra Sls Toothpaste Fluoride,3700,1000,2000,2015-10-01,"Informational,Commercial,Non-branded,Non-local",English,
sls toothpaste,,us,4,1800,0.64,what is sls in toothpaste,1400,2026-02-27 22:42:51,,,,,,,,,,,0.60,6,"Shopping, Thumbnail",Fluoride Toothpaste 4oz Sls Mint Xylitol Whitening For,3700,1000,2000,2015-10-01,"Informational,Commercial,Non-branded,Non-local",English,
sls toothpaste,https://www.colgate.com/en-us/oral-health/selecting-dental-products/what-sodium-lauryl-sulfate-is-it-safe,us,4,1800,0.64,what is sls in toothpaste,1400,2026-02-27 22:42:51,22,21,6,85,1739,491,200.08,106,sls toothpaste,1700,0.60,7,Organic,What Sodium Lauryl Sulfate & Is It Safe?,3700,1000,2000,2015-10-01,"Informational,Commercial,Non-branded,Non-local",English,
sls toothpaste,https://www.tomsofmaine.com/pages/ingredient/sodium-lauryl-sulfate,us,4,1800,0.64,what is sls in toothpaste,1400,2026-02-27 22:42:51,16,14,4,69,794,189,44.72,46,sls toothpaste,1700,0.60,8,Organic,Sodium Lauryl Sulfate,3700,1000,2000,2015-10-01,"Informational,Commercial,Non-branded,Non-local",English,Article > Definition
sls toothpaste,https://www.boka.com/collections/sls-free-toothpaste,us,4,1800,0.64,what is sls in toothpaste,1400,2026-02-27 22:42:51,9,4,4,46,1357,347,163.20,53,sls free toothpaste with fluoride,450,0.60,9,Organic,Toothpaste without Sodium Lauryl Sulfate (SLS-Free),3700,1000,2000,2015-10-01,"Informational,Commercial,Non-branded,Non-local",English,
sls toothpaste,https://pmc.ncbi.nlm.nih.gov/articles/PMC10506142/,us,4,1800,0.64,what is sls in toothpaste,1400,2026-02-27 22:42:51,41,24,4,95,11992,797,108.05,36,sodium lauryl sulfate,16000,0.60,10,Organic,The Yin and Yang of Sodium Lauryl Sulfate Use for Oral and ...,3700,1000,2000,2015-10-01,"Informational,Commercial,Non-branded,Non-local",English,Article > Research
sls toothpaste,https://www.amazon.com/Dr-Sheffield-Certified-Natural-Toothpaste/dp/B07CHVLRLZ,us,4,1800,0.64,what is sls in toothpaste,1400,2026-02-27 22:42:51,,,0,96,,25,7.52,3,sls toothpaste,1700,0.60,11,Organic,Dr. Sheffield's Certified Natural Toothpaste (Sensitive),3700,1000,2000,2015-10-01,"Informational,Commercial,Non-branded,Non-local",English,
sls toothpaste,https://perforacare.com/blogs/toothpaste-tips/sls-free-toothpaste-benefits,us,4,1800,0.64,what is sls in toothpaste,1400,2026-02-27 22:42:51,7,3,4,55,1459,117,25.71,59,sls toothpaste,1700,0.60,12,Organic,Why You Should Avoid SLS in Toothpaste,3700,1000,2000,2015-10-01,"Informational,Commercial,Non-branded,Non-local",English,Article > Guide
sls toothpaste,https://pediatricdentistryofsanantonio.com/understanding-canker-sores-could-sls-be-the-culprit/,us,4,1800,0.64,what is sls in toothpaste,1400,2026-02-27 22:42:51,1,1,0,10,0,367,136.42,81,sls canker sores,90,0.60,13,Organic,Understanding Canker Sores: Could SLS Be the Culprit?,3700,1000,2000,2015-10-01,"Informational,Commercial,Non-branded,Non-local",English,
sls toothpaste,https://www.cleure.com/collections/oral-care,us,4,1800,0.64,what is sls in toothpaste,1400,2026-02-27 22:42:51,110,2,11,39,3444,138,53.09,32,cleure toothpaste,450,0.60,14,Organic,Oral Care: Fluoride-Free & SLS-Free,3700,1000,2000,2015-10-01,"Informational,Commercial,Non-branded,Non-local",English,
sls toothpaste,https://georganics.com/blogs/posts/why-avoid-sls-toothpaste,us,4,1800,0.64,what is sls in toothpaste,1400,2026-02-27 22:42:51,0,0,4,50,861,20,5.71,8,sls toothpaste,1700,0.60,15,Organic,Why You Should Avoid SLS in Your Toothpaste,3700,1000,2000,2015-10-01,"Informational,Commercial,Non-branded,Non-local",English,
sls toothpaste,https://www.ericdavisdental.com/faqs-and-blog/blog/sls-free-toothpaste-why-you-should-avoid-sls-in-toothpaste-and-which-sls-free-toothpaste-is-best/,us,4,1800,0.64,what is sls in toothpaste,1400,2026-02-27 22:42:51,0,0,7,26,1273,30,7.63,13,sls toothpaste,1700,0.60,16,Organic,SLS Free Toothpaste: Why You Should Avoid SLS in ...,3700,1000,2000,2015-10-01,"Informational,Commercial,Non-branded,Non-local",English,
sls toothpaste,https://www.monarchdental.com/why-is-sodium-lauryl-sulfate-in-my-toothpaste/,us,4,1800,0.64,what is sls in toothpaste,1400,2026-02-27 22:42:51,0,0,4,22,0,36,13.00,16,sodium lauryl sulfate toothpaste,900,0.60,17,Organic,Why Is Sodium Lauryl Sulfate In My Toothpaste?,3700,1000,2000,2015-10-01,"Informational,Commercial,Non-branded,Non-local",English,
sls toothpaste,https://nutritionfacts.org/blog/is-sodium-lauryl-sulfate-sls-in-toothpaste-safe/,us,4,1800,0.64,what is sls in toothpaste,1400,2026-02-27 22:42:51,13,9,4,79,1683,37,21.30,27,does colgate have sls,150,0.60,18,Organic,Is Sodium Lauryl Sulfate (SLS) in Toothpaste Safe?,3700,1000,2000,2015-10-01,"Informational,Commercial,Non-branded,Non-local",English,Article > FAQ
sls toothpaste,https://nobsroutines.com/blogs/learn/is-sls-bad-in-toothpaste,us,4,1800,0.64,what is sls in toothpaste,1400,2026-02-27 22:42:51,4,4,4,35,2421,65,1.86,12,sls toothpaste reaction,150,0.60,19,Organic,Is SLS Bad in Toothpaste? - NOBS,3700,1000,2000,2015-10-01,"Informational,Commercial,Non-branded,Non-local",English,
sls toothpaste,https://smile-365.com/why-to-avoid-toothpastes-with-sodium-lauryl-sulfate/,us,4,1800,0.64,what is sls in toothpaste,1400,2026-02-27 22:42:51,8,6,4,25,1438,274,68.04,50,sodium lauryl sulfate toothpaste,900,0.60,20,Organic,Why to Avoid Toothpastes with Sodium Lauryl Sulfate,3700,1000,2000,2015-10-01,"Informational,Commercial,Non-branded,Non-local",English,Article > Guide
sls toothpaste,https://www.walmart.com/c/kp/sls-toothpaste,us,4,1800,0.64,what is sls in toothpaste,1400,2026-02-27 22:42:51,0,0,7,92,4144,5,2.02,13,sls toothpaste,1700,0.60,21,Organic,Sls Toothpaste,3700,1000,2000,2015-10-01,"Informational,Commercial,Non-branded,Non-local",English,
sls toothpaste,https://www.google.com/m/storepages?q=walmart.com&c=US&hl=en-US,us,4,1800,0.64,what is sls in toothpaste,1400,2026-02-27 22:42:51,,,,,,,,,,,0.60,21,Sitelinks,4.2K,3700,1000,2000,2015-10-01,"Informational,Commercial,Non-branded,Non-local",English,
sls toothpaste,https://celebratedentalaustin.com/blogs/what-is-sls-in-toothpaste/,us,4,1800,0.64,what is sls in toothpaste,1400,2026-02-27 22:42:51,1,1,4,14,0,19,16.78,18,sodium lauryl sulfate sensodyne,70,0.60,22,Organic,What Is SLS In Toothpaste? Learn Its Role And Effects,3700,1000,2000,2015-10-01,"Informational,Commercial,Non-branded,Non-local",English,
sls toothpaste,https://celebratedentalaustin.com/blogs/what-is-sls-in-toothpaste/,us,4,1800,0.64,what is sls in toothpaste,1400,2026-02-27 22:42:51,1,1,4,14,0,19,16.78,18,sodium lauryl sulfate sensodyne,70,0.60,23,Organic,What Is SLS In Toothpaste? Learn Its Role And Effects,3700,1000,2000,2015-10-01,"Informational,Commercial,Non-branded,Non-local",English,
sls toothpaste,https://www.pronamel.us/why-pronamel/about-sodium-lauryl-sulfate/,us,4,1800,0.64,what is sls in toothpaste,1400,2026-02-27 22:42:51,4,4,4,45,0,957,1066.32,134,sls free toothpaste,11000,0.60,24,Organic,What Is Sodium Lauryl Sulfate?,3700,1000,2000,2015-10-01,"Informational,Commercial,Non-branded,Non-local",English,
sls toothpaste,https://www.jacksonavedental.com/post/sls-in-toothpaste-the-good-the-bad-the-ugly,us,4,1800,0.64,what is sls in toothpaste,1400,2026-02-27 22:42:51,1,1,4,30,0,9,7.26,13,sodium lauryl sulfate toothpaste,900,0.60,25,Organic,"SLS in Toothpaste: The Good, The Bad, & The Ugly",3700,1000,2000,2015-10-01,"Informational,Commercial,Non-branded,Non-local",English,
sls toothpaste,https://awesomesmile.biz/sls-free-toothpaste-or-regular-toothpaste/,us,4,1800,0.64,what is sls in toothpaste,1400,2026-02-27 22:42:51,0,0,0,2,746,11,3.35,9,what is sls free toothpaste,200,0.60,26,Organic,SLS Free Toothpaste or Regular Toothpaste - Awesomesmile,3700,1000,2000,2015-10-01,"Informational,Commercial,Non-branded,Non-local",English,
sls toothpaste,https://www.boka.com/blogs/guides/sls-in-toothpaste,us,4,1800,0.64,what is sls in toothpaste,1400,2026-02-27 22:42:51,0,0,0,46,2451,144,26.33,47,sodium lauroyl sarcosinate in toothpaste,90,0.60,27,Organic,SLS in Toothpaste: Should You Be Worried?,3700,1000,2000,2015-10-01,"Informational,Commercial,Non-branded,Non-local",English,
sls toothpaste,https://www.walmart.com/c/kp/sls-toothpaste,us,4,1800,0.64,what is sls in toothpaste,1400,2026-02-27 22:42:51,0,0,7,92,4144,5,2.02,13,sls toothpaste,1700,0.60,28,Organic,Sls Toothpaste,3700,1000,2000,2015-10-01,"Informational,Commercial,Non-branded,Non-local",English,
sls toothpaste,https://www.google.com/m/storepages?q=walmart.com&c=US&hl=en-US,us,4,1800,0.64,what is sls in toothpaste,1400,2026-02-27 22:42:51,,,,,,,,,,,0.60,28,Sitelinks,4.2K,3700,1000,2000,2015-10-01,"Informational,Commercial,Non-branded,Non-local",English,
sls toothpaste,https://www.youtube.com/watch?v=W6wqlUCRF-o,us,4,1800,0.64,what is sls in toothpaste,1400,2026-02-27 22:42:51,0,0,4,99,4208,18,3.02,23,sls-free toothpaste,450,0.60,29,"Organic, Video preview",The Importance of Choosing SLS-Free and Low RDA ...,3700,1000,2000,2015-10-01,"Informational,Commercial,Non-branded,Non-local",English,
sls toothpaste,https://www.ewg.org/skindeep/browse/ingredients/706110SODIUM_LAURYL_SULFATE/?brand=Colgate&category=toothpaste&ingredient_id=706110SODIUM_LAURYL_SULFATE&page=1,us,4,1800,0.64,what is sls in toothpaste,1400,2026-02-27 22:42:51,,,0,89,0,83,40.97,23,does colgate have sls,150,0.60,30,Organic,Toothpaste Products Containing Sodium Lauryl Sulfate ...,3700,1000,2000,2015-10-01,"Informational,Commercial,Non-branded,Non-local",English,
sls toothpaste,https://www.armandhammer.com/en/articles/sls-free-toothpaste,us,4,1800,0.64,what is sls in toothpaste,1400,2026-02-27 22:42:51,6,3,4,71,1314,549,122.26,112,what is sls free toothpaste,200,0.60,31,Organic,What is Sodium Lauryl Sulfate (SLS) & Is it Safe?,3700,1000,2000,2015-10-01,"Informational,Commercial,Non-branded,Non-local",English,Article > Definition
sls toothpaste,https://www.castledental.com/top-facts-about-sodium-lauryl-sulfate-in-toothpaste/,us,4,1800,0.64,what is sls in toothpaste,1400,2026-02-27 22:42:51,0,0,4,20,0,3,1.24,10,sodium lauryl sulfate toothpaste,900,0.60,32,Organic,Top Facts About Sodium Lauryl Sulfate In Toothpaste,3700,1000,2000,2015-10-01,"Informational,Commercial,Non-branded,Non-local",English,
sls toothpaste,https://www.ada.org/resources/ada-library/oral-health-topics/toothpastes,us,4,1800,0.64,what is sls in toothpaste,1400,2026-02-27 22:42:51,553,367,9,90,0,1696,1043.39,348,ada approved toothpaste,700,0.60,33,Organic,Toothpastes | American Dental Association,3700,1000,2000,2015-10-01,"Informational,Commercial,Non-branded,Non-local",English,
sls toothpaste,https://myacare.com/blog/how-safe-is-the-sodium-lauryl-sulfate-in-toothpaste,us,4,1800,0.64,what is sls in toothpaste,1400,2026-02-27 22:42:51,12,8,4,46,1995,53,4.84,29,sodium lauryl sulfate toothpaste side effects,200,0.60,34,Organic,How Safe Is the Sodium Lauryl Sulfate in Toothpaste?,3700,1000,2000,2015-10-01,"Informational,Commercial,Non-branded,Non-local",English,Article > FAQ
sls toothpaste,https://wesmyle.com/blogs/blog/sls,us,4,1800,0.64,what is sls in toothpaste,1400,2026-02-27 22:42:51,0,0,4,39,1201,84,18.32,17,sls in toothpaste,1200,0.60,35,Organic,THE TRUTH ABOUT SLS IN TOOTHPASTE - Smyle,3700,1000,2000,2015-10-01,"Informational,Commercial,Non-branded,Non-local",English,
sls toothpaste,https://myprivatedentist.com/best-sls-free-toothpaste/,us,4,1800,0.64,what is sls in toothpaste,1400,2026-02-27 22:42:51,7,6,4,19,3905,1494,622.27,146,toothpaste without sodium lauryl sulfate,3300,0.60,36,Organic,8 Best SLS-Free Toothpastes (2025): A Dentist's Guide,3700,1000,2000,2015-10-01,"Informational,Commercial,Non-branded,Non-local",English,Article > Review
sls toothpaste,https://tryautobrush.com/blogs/dental/sls-and-fluoride-toothpastes,us,4,1800,0.64,what is sls in toothpaste,1400,2026-02-27 22:42:51,0,0,0,37,2595,26,6.31,12,sodium lauryl sulfate in toothpaste,200,0.60,37,Organic,The Truth Behind SLS and Fluoride Toothpastes,3700,1000,2000,2015-10-01,"Informational,Commercial,Non-branded,Non-local",English,
sls toothpaste,https://pubmed.ncbi.nlm.nih.gov/35506963/,us,4,1800,0.64,what is sls in toothpaste,1400,2026-02-27 22:42:51,133,90,7,95,364,123,9.34,26,sodium lauryl sulfate toothpaste side effects,200,0.60,38,Organic,Side effects of sodium lauryl sulfate applied in toothpastes,3700,1000,2000,2015-10-01,"Informational,Commercial,Non-branded,Non-local",English,Article > Research
sls toothpaste,https://www.walgreens.com/q/sodium+lauryl+sulfate+free+toothpaste,us,4,1800,0.64,what is sls in toothpaste,1400,2026-02-27 22:42:51,0,0,0,84,1911,166,57.68,30,toothpaste without sodium lauryl sulfate,3300,0.60,39,Organic,Sodium Lauryl Sulfate Free Toothpaste,3700,1000,2000,2015-10-01,"Informational,Commercial,Non-branded,Non-local",English,
sls toothpaste,https://www.google.com/m/storepages?q=walgreens.com&c=US&hl=en-US,us,4,1800,0.64,what is sls in toothpaste,1400,2026-02-27 22:42:51,,,,,,,,,,,0.60,39,Sitelinks,1.2K,3700,1000,2000,2015-10-01,"Informational,Commercial,Non-branded,Non-local",English,
sls toothpaste,https://www.drbronner.com/pages/what-is-sls-free-toothpaste,us,4,1800,0.64,what is sls in toothpaste,1400,2026-02-27 22:42:51,45,13,5,75,931,69,18.39,61,what is sls free toothpaste,200,0.60,40,Organic,SLS Free Toothpaste | What Is Sodium Lauryl Sulfate in ...,3700,1000,2000,2015-10-01,"Informational,Commercial,Non-branded,Non-local",English,Article > Guide
sls toothpaste,https://www.instagram.com/reel/CtxLav_g6uh/?hl=en,us,4,1800,0.64,what is sls in toothpaste,1400,2026-02-27 22:42:51,,,0,100,,1,0.43,7,sodium lauryl sulfate toothpaste,900,0.60,41,"Organic, Video preview",SLS (Sodium Lauryl Sulfate) is a common foaming agent ...,3700,1000,2000,2015-10-01,"Informational,Commercial,Non-branded,Non-local",English,
sls toothpaste,http://www.blackrockclinicdental.ie/sls-sodium-lauryl-sulphate-free-toothpaste-and-the-mouth/,us,4,1800,0.64,what is sls in toothpaste,1400,2026-02-27 22:42:51,0,0,4,3,484,7,1.79,33,is sensodyne sls free,250,0.60,42,Organic,SLS (sodium lauryl sulphate) free toothpaste,3700,1000,2000,2015-10-01,"Informational,Commercial,Non-branded,Non-local",English,
sls toothpaste,https://smiletwice.com/blogs/news/toothpaste-without-sls-why-its-important,us,4,1800,0.64,what is sls in toothpaste,1400,2026-02-27 22:42:51,0,0,4,50,1693,1,0.63,11,no sls toothpaste,250,0.60,43,Organic,Toothpaste Without SLS: Why It's Important,3700,1000,2000,2015-10-01,"Informational,Commercial,Non-branded,Non-local",English,
sls toothpaste,https://www.cvs.com/shop/content/sls-free-toothpaste,us,4,1800,0.64,what is sls in toothpaste,1400,2026-02-27 22:42:51,1,1,0,84,0,607,246.19,40,sls free toothpaste,11000,0.60,44,Organic,SLS Free Toothpaste : Shop & Learn More,3700,1000,2000,2015-10-01,"Informational,Commercial,Non-branded,Non-local",English,
sls toothpaste,https://www.target.com/c/toothpaste-oral-care-personal/sodium-lauryl-sulfate-free/-/N-5xtzsZmope0,us,4,1800,0.64,what is sls in toothpaste,1400,2026-02-27 22:42:51,1,1,6,91,2132,8318,3262.49,116,sls free toothpaste,11000,0.60,45,Organic,Sodium Lauryl Sulfate-free : Toothpaste,3700,1000,2000,2015-10-01,"Informational,Commercial,Non-branded,Non-local",English,Listing collection > Product
sls toothpaste,https://www.google.com/m/storepages?q=target.com&c=US&hl=en-US,us,4,1800,0.64,what is sls in toothpaste,1400,2026-02-27 22:42:51,,,,,,,,,,,0.60,45,Sitelinks,4.1K,3700,1000,2000,2015-10-01,"Informational,Commercial,Non-branded,Non-local",English,
sls toothpaste,https://bitetoothpastebits.com/blogs/blog/what-is-sls-in-toothpaste,us,4,1800,0.64,what is sls in toothpaste,1400,2026-02-27 22:42:51,0,0,4,67,1833,30,8.46,17,sodium lauryl sulfate canker sores,200,0.60,46,Organic,What Is SLS in Toothpaste: What You Need To Know,3700,1000,2000,2015-10-01,"Informational,Commercial,Non-branded,Non-local",English,
sls toothpaste,https://www.sensodyne.com/en-us/products/product-results/sodium-lauryl-sulfate-free-toothpaste/,us,4,1800,0.64,what is sls in toothpaste,1400,2026-02-27 22:42:51,22,16,6,65,0,7457,3956.66,203,toothpaste without sodium lauryl sulfate,3300,0.60,47,Organic,Sodium Lauryl Sulfate (SLS)-Free Toothpastes,3700,1000,2000,2015-10-01,"Informational,Commercial,Non-branded,Non-local",English,
sls toothpaste,https://www.sikayetvar.com/en/colgate-us/colgate-sensitive-toothpaste-contains-sls-causes-mouth-sores,us,4,1800,0.64,what is sls in toothpaste,1400,2026-02-27 22:42:51,0,0,0,75,,0,0.00,1,sls toothpaste,1700,0.60,48,Organic,"Colgate Sensitive Toothpaste Contains SLS, Causes ...",3700,1000,2000,2015-10-01,"Informational,Commercial,Non-branded,Non-local",English,
sls toothpaste,https://shop.tiktok.com/us/k/toothpaste-with-sls-list,us,4,1800,0.64,what is sls in toothpaste,1400,2026-02-27 22:42:51,,,0,97,,0,0.00,2,sls toothpaste,1700,0.60,49,Organic,toothpaste with sls list,3700,1000,2000,2015-10-01,"Informational,Commercial,Non-branded,Non-local",English,
sls toothpaste,https://duotoothpaste.com/pages/science-sls-free,us,4,1800,0.64,what is sls in toothpaste,1400,2026-02-27 22:42:51,0,0,7,22,799,6,0.25,11,sls-free toothpaste,450,0.60,50,Organic,SLS Free Toothpaste Tablets,3700,1000,2000,2015-10-01,"Informational,Commercial,Non-branded,Non-local",English,
sls toothpaste,https://elchemy.com/blogs/chemical-market/why-more-americans-are-switching-to-sls-free-toothpaste-in-2025,us,4,1800,0.64,what is sls in toothpaste,1400,2026-02-27 22:42:51,0,0,4,39,1936,23,14.07,16,sodium lauryl sulfate free toothpaste,2300,0.60,51,Organic,Why Americans Are Switching to SLS-Free Toothpaste in ...,3700,1000,2000,2015-10-01,"Informational,Commercial,Non-branded,Non-local",English,
sls toothpaste,https://www.oreateai.com/blog/choosing-the-best-slsfree-toothpaste-for-your-oral-health/776f94a93e6cfa79034cf794da4b7280,us,4,1800,0.64,what is sls in toothpaste,1400,2026-02-27 22:42:51,,,0,72,,5,1.77,15,sls free toothpaste list,500,0.60,52,Organic,Choosing the Best SLS-Free Toothpaste for Your Oral Health,3700,1000,2000,2015-10-01,"Informational,Commercial,Non-branded,Non-local",English,
sls toothpaste,https://www.health.com/best-whitening-toothpaste-11909626,us,4,1800,0.64,what is sls in toothpaste,1400,2026-02-27 22:42:51,20,9,0,87,3299,1909,2426.00,585,the best whitening toothpaste,1100,0.60,53,Organic,"The 7 Best Whitening Toothpastes of 2026, per Dentists",3700,1000,2000,2015-10-01,"Informational,Commercial,Non-branded,Non-local",English,Article > Review
sls toothpaste,https://www.youtube.com/watch?v=w_RmTffTkN0,us,4,1800,0.64,what is sls in toothpaste,1400,2026-02-27 22:42:51,0,0,0,99,,0,0.00,1,sls toothpaste,1700,0.60,54,"Organic, Video preview",SLS in Toothpaste? Why It's Hurting Your Mouth + Best SLS ...,3700,1000,2000,2015-10-01,"Informational,Commercial,Non-branded,Non-local",English,
sls toothpaste,https://www.facebook.com/groups/1306418723079290/posts/2511892045865279/,us,4,1800,0.64,what is sls in toothpaste,1400,2026-02-27 22:42:51,,,0,100,,56,17.87,24,sls free toothpaste sensodyne,350,0.60,55,Organic,What is a good gentle SLS-free toothpaste?,3700,1000,2000,2015-10-01,"Informational,Commercial,Non-branded,Non-local",English,
sls toothpaste,https://www.instagram.com/reel/DVFp3p9klFo/,us,4,1800,0.64,what is sls in toothpaste,1400,2026-02-27 22:42:51,,,0,100,,0,0.32,23,tooth paste coupon,200,0.60,56,"Organic, Video preview",Parents — what's one toothpaste tip you swear by? Comment ...,3700,1000,2000,2015-10-01,"Informational,Commercial,Non-branded,Non-local",English,
sls toothpaste,https://distinctive-dentistry.com/sodium-lauryl-sulfate/,us,4,1800,0.64,what is sls in toothpaste,1400,2026-02-27 22:42:51,0,0,4,6,391,48,7.39,19,what is sls in toothpaste,1400,0.60,57,Organic,What is Sodium Lauryl Sulfate - Distinctive Dentistry,3700,1000,2000,2015-10-01,"Informational,Commercial,Non-branded,Non-local",English,
sls toothpaste,https://www.instagram.com/p/DVCMN9Hkn5e/,us,4,1800,0.64,what is sls in toothpaste,1400,2026-02-27 22:42:51,,,0,100,,0,0.10,10,sls free toothpaste list,500,0.60,58,Organic,Toothpaste,3700,1000,2000,2015-10-01,"Informational,Commercial,Non-branded,Non-local",English,
sls toothpaste,https://www.washingtonpost.com/wellness/2024/10/09/canker-sore-toothpaste-sls/,us,4,1800,0.64,what is sls in toothpaste,1400,2026-02-27 22:42:51,8,8,4,92,,36,21.10,24,ingredient in toothpaste that causes canker sores,250,0.60,59,Organic,Got canker sores? Try switching your toothpaste.,3700,1000,2000,2015-10-01,"Informational,Commercial,Non-branded,Non-local",English,
sls toothpaste,https://www.thehivedental.co.uk/what-is-sls-free-toothpaste-and-should-you-be-using-it/,us,4,1800,0.64,what is sls in toothpaste,1400,2026-02-27 22:42:51,,,0,9,0,0,0.02,5,is sensodyne sls free,250,0.60,60,Organic,What Is SLS-Free Toothpaste - and Should You Be Using It?,3700,1000,2000,2015-10-01,"Informational,Commercial,Non-branded,Non-local",English,
sls toothpaste,https://www.washingtonpost.com/wellness/2024/10/09/canker-sore-toothpaste-sls/,us,4,1800,0.64,what is sls in toothpaste,1400,2026-02-27 22:42:51,8,8,4,92,,36,21.10,24,ingredient in toothpaste that causes canker sores,250,0.60,61,Organic,Got canker sores? Try switching your toothpaste.,3700,1000,2000,2015-10-01,"Informational,Commercial,Non-branded,Non-local",English,
sls toothpaste,https://www.instagram.com/p/DVCMN9Hkn5e/,us,4,1800,0.64,what is sls in toothpaste,1400,2026-02-27 22:42:51,,,0,100,,0,0.10,10,sls free toothpaste list,500,0.60,62,Organic,Toothpaste,3700,1000,2000,2015-10-01,"Informational,Commercial,Non-branded,Non-local",English,
sls toothpaste,https://www.tiktok.com/@bracesbysable/video/7053508580200402222,us,4,1800,0.64,what is sls in toothpaste,1400,2026-02-27 22:42:51,,,0,97,5,2,7.04,7,does sensodyne have sodium lauryl sulfate,300,0.60,63,"Organic, Video preview",Understanding SLS in Toothpaste | Sensodyne Reactions ...,3700,1000,2000,2015-10-01,"Informational,Commercial,Non-branded,Non-local",English,
sls toothpaste,https://www.instagram.com/reel/Crb1TGcg356/,us,4,1800,0.64,what is sls in toothpaste,1400,2026-02-27 22:42:51,,,0,100,,0,0.00,8,sls free whitening toothpaste,150,0.60,64,"Organic, Video preview",How to tell if your toothpaste is SLS free! ⚡️ #oralhealth ...,3700,1000,2000,2015-10-01,"Informational,Commercial,Non-branded,Non-local",English,
sls toothpaste,https://www.keynotesupport.com/life/health-sls-free-toothpaste-comparison.shtml,us,4,1800,0.64,what is sls in toothpaste,1400,2026-02-27 22:42:51,,,0,23,0,0,0.02,7,sls free toothpaste list,500,0.60,65,Organic,A Comparison of SLS-free Toothpastes - Keynote Support,3700,1000,2000,2015-10-01,"Informational,Commercial,Non-branded,Non-local",English,
sls toothpaste,https://www.ada.org/resources/ada-library/oral-health-topics/toothpastes,us,4,1800,0.64,what is sls in toothpaste,1400,2026-02-27 22:42:51,553,367,9,90,0,1696,1043.39,348,ada approved toothpaste,700,0.60,66,Organic,Toothpastes | American Dental Association,3700,1000,2000,2015-10-01,"Informational,Commercial,Non-branded,Non-local",English,
sls toothpaste,https://www.oreateai.com/blog/choosing-the-best-slsfree-toothpaste-for-your-oral-health/776f94a93e6cfa79034cf794da4b7280,us,4,1800,0.64,what is sls in toothpaste,1400,2026-02-27 22:42:51,,,0,72,,5,1.77,15,sls free toothpaste list,500,0.60,67,Organic,Choosing the Best SLS-Free Toothpaste for Your Oral Health,3700,1000,2000,2015-10-01,"Informational,Commercial,Non-branded,Non-local",English,
sls toothpaste,https://dentistry.co.uk/2021/07/23/could-sls-toothpastes-be-irritating-some-patients-mouths/,us,4,1800,0.64,what is sls in toothpaste,1400,2026-02-27 22:42:51,15,3,4,73,1791,3,0.06,11,sodium lauryl sulfate toothpaste mouth ulcers,20,0.60,68,Organic,Could SLS toothpastes be irritating some patients' mouths?,3700,1000,2000,2015-10-01,"Informational,Commercial,Non-branded,Non-local",English,Article > Guide
sls toothpaste,https://smiletwice.com/blogs/news/what-is-sls-and-why-does-it-make-things-taste-funny,us,4,1800,0.64,what is sls in toothpaste,1400,2026-02-27 22:42:51,0,0,4,50,1769,0,0.00,6,what is sls in toothpaste,1400,0.60,69,Organic,"What Is SLS in Toothpaste, and Why Should You Avoid It?",3700,1000,2000,2015-10-01,"Informational,Commercial,Non-branded,Non-local",English,
sls toothpaste,https://sprinjene.com/blogs/news/sls-free-toothpaste,us,4,1800,0.64,what is sls in toothpaste,1400,2026-02-27 22:42:51,0,0,4,24,3022,0,0.07,10,sls in toothpaste,1200,0.60,70,Organic,SLS Free Toothpaste,3700,1000,2000,2015-10-01,"Informational,Commercial,Non-branded,Non-local",English,
sls toothpaste,https://www.youtube.com/watch?v=Sxrn_qXLJf0,us,4,1800,0.64,what is sls in toothpaste,1400,2026-02-27 22:42:51,0,0,4,99,,0,0.00,3,sodium lauryl sulfate toothpaste side effects,200,0.60,71,"Organic, Video preview",Should You Avoid This Ingredient in Toothpaste?,3700,1000,2000,2015-10-01,"Informational,Commercial,Non-branded,Non-local",English,
sls toothpaste,https://www.facebook.com/100050511368460/videos/sls-free-toothpaste/1244637747529106/,us,4,1800,0.64,what is sls in toothpaste,1400,2026-02-27 22:42:51,,,0,100,,0,0.00,2,sls toothpaste,1700,0.60,72,"Organic, Video preview",I switched to SLS free toothpaste last year and I’m never going ...,3700,1000,2000,2015-10-01,"Informational,Commercial,Non-branded,Non-local",English,
sls toothpaste,https://wesmyle.com/blogs/blog/toothpaste-without-sls,us,4,1800,0.64,what is sls in toothpaste,1400,2026-02-27 22:42:51,0,0,4,39,757,0,0.03,9,what is sls free toothpaste,200,0.60,73,Organic,CONSIDERING SLS-FREE TOOTHPASTE? THE BENEFITS,3700,1000,2000,2015-10-01,"Informational,Commercial,Non-branded,Non-local",English,
sls toothpaste,https://www.instagram.com/reel/DFF7UqYJHcm/,us,4,1800,0.64,what is sls in toothpaste,1400,2026-02-27 22:42:51,,,0,100,,0,0.01,7,sodium lauryl sulfate canker sores,200,0.60,74,"Organic, Video preview",Did you know that SLS aka sodium lauryl sulfate is a harsh ...,3700,1000,2000,2015-10-01,"Informational,Commercial,Non-branded,Non-local",English,
sls toothpaste,https://www.bbc.co.uk/programmes/articles/4b0zc9YCmpYmM9VHhSZr8wk/should-i-try-sls-free-toothpaste,us,4,1800,0.64,what is sls in toothpaste,1400,2026-02-27 22:42:51,30,13,5,93,1198,26,6.68,25,what is sls free toothpaste,200,0.60,75,Organic,Should I try SLS-free toothpaste?,3700,1000,2000,2015-10-01,"Informational,Commercial,Non-branded,Non-local",English,Article > Research
sls toothpaste,https://nobsroutines.com/blogs/learn/sls-in-toothpaste,us,4,1800,0.64,what is sls in toothpaste,1400,2026-02-27 22:42:51,1,1,4,35,2323,0,0.10,10,sodium lauryl sulfate toothpaste,900,0.60,76,Organic,What's the Deal with SLS in Toothpaste? - NOBS Routines,3700,1000,2000,2015-10-01,"Informational,Commercial,Non-branded,Non-local",English,Article > FAQ
sls toothpaste,https://stlukehealth.com/sls-and-other-toothpaste-ingredients-to-avoid/,us,4,1800,0.64,what is sls in toothpaste,1400,2026-02-27 22:42:51,0,0,4,2,448,0,0.00,3,sodium lauryl sulfate toothpaste side effects,200,0.60,77,Organic,SLS and Other Toothpaste Ingredients to Avoid - St.Luke Health,3700,1000,2000,2015-10-01,"Informational,Commercial,Non-branded,Non-local",English,
sls toothpaste,https://www.youtube.com/watch?v=xAlYq4hDglA,us,4,1800,0.64,what is sls in toothpaste,1400,2026-02-27 22:42:51,4,3,4,99,4632,0,0.00,7,toothpaste with sls,150,0.60,78,"Organic, Video preview",Is CAPB in SLS-Free Toothpaste Any Better?,3700,1000,2000,2015-10-01,"Informational,Commercial,Non-branded,Non-local",English,Video > Comparison
sls toothpaste,https://www.instagram.com/reel/DFFfTCCpIkW/?hl=en,us,4,1800,0.64,what is sls in toothpaste,1400,2026-02-27 22:42:51,,,0,100,,2,0.07,13,sls-free toothpaste,450,0.60,79,"Organic, Video preview",Why SLS-Free Toothpaste is a Game Changer for Your Health ...,3700,1000,2000,2015-10-01,"Informational,Commercial,Non-branded,Non-local",English,
sls toothpaste,https://www.sikayetvar.com/en/colgate-us/colgate-sensitive-toothpaste-contains-sls-causes-mouth-sores,us,4,1800,0.64,what is sls in toothpaste,1400,2026-02-27 22:42:51,0,0,0,75,,0,0.00,1,sls toothpaste,1700,0.60,80,Organic,"Colgate Sensitive Toothpaste Contains SLS, Causes ...",3700,1000,2000,2015-10-01,"Informational,Commercial,Non-branded,Non-local",English,
sls toothpaste,https://naydincare.com/products/pro-t3-whitening-toothpaste-serum?variant=53032005632365,us,4,1800,0.64,what is sls in toothpaste,1400,2026-02-27 22:42:51,0,0,0,0,491,0,0.00,1,sls toothpaste,1700,0.60,81,Organic,Pro T3 Whitening Toothpaste,3700,1000,2000,2015-10-01,"Informational,Commercial,Non-branded,Non-local",English,
sls toothpaste,https://www.health.com/best-whitening-toothpaste-11909626,us,4,1800,0.64,what is sls in toothpaste,1400,2026-02-27 22:42:51,20,9,0,87,3299,1909,2426.00,585,the best whitening toothpaste,1100,0.60,82,Organic,"The 7 Best Whitening Toothpastes of 2026, per Dentists",3700,1000,2000,2015-10-01,"Informational,Commercial,Non-branded,Non-local",English,Article > Review
sls toothpaste,https://www.superdrug.com/sls-free-toothpaste/c/sls-free-toothpaste,us,4,1800,0.64,what is sls in toothpaste,1400,2026-02-27 22:42:51,0,0,4,77,802,9,6.71,34,sls free toothpaste sensodyne,350,0.60,83,Organic,SLS Free Toothpaste,3700,1000,2000,2015-10-01,"Informational,Commercial,Non-branded,Non-local",English,
sls toothpaste,https://www.google.com/m/storepages?q=superdrug.com&c=US&hl=en-US,us,4,1800,0.64,what is sls in toothpaste,1400,2026-02-27 22:42:51,,,,,,,,,,,0.60,83,Sitelinks,67,3700,1000,2000,2015-10-01,"Informational,Commercial,Non-branded,Non-local",English,
sls toothpaste,https://www.tiktok.com/@taylorbhmcfarland/video/7230105623575186731,us,4,1800,0.64,what is sls in toothpaste,1400,2026-02-27 22:42:51,,,0,97,5,0,0.01,7,sls free toothpaste list,500,0.60,84,"Organic, Video preview",Best SLS Free Toothpaste Brands | Dentist Tips & Myths ...,3700,1000,2000,2015-10-01,"Informational,Commercial,Non-branded,Non-local",English,
sls toothpaste,https://www.youtube.com/watch?v=xCSSDuDSW5Q,us,4,1800,0.64,what is sls in toothpaste,1400,2026-02-27 22:42:51,0,0,0,99,3584,0,0.00,9,sodium lauryl sulfate toothpaste side effects,200,0.60,85,"Organic, Video preview",Can SLS In Toothpaste Cause Irritation Or Canker Sores ...,3700,1000,2000,2015-10-01,"Informational,Commercial,Non-branded,Non-local",English,Video > Guide
sls toothpaste,https://www.instagram.com/p/DVQRj72EpmY/,us,4,1800,0.64,what is sls in toothpaste,1400,2026-02-27 22:42:51,,,0,100,,1,0.37,8,boka fluoride free toothpaste,500,0.60,86,Organic,Most of us grew up with toothpaste. Foam feels familiar. ...,3700,1000,2000,2015-10-01,"Informational,Commercial,Non-branded,Non-local",English,
sls toothpaste,https://www.jacksonavedental.com/post/sls-negatively-affects-fluoride-toothpastes,us,4,1800,0.64,what is sls in toothpaste,1400,2026-02-27 22:42:51,,,4,30,0,1,0.92,7,stannous fluoride toothpaste without sls,30,0.60,87,Organic,SLS Negatively Affects Fluoride Toothpastes,3700,1000,2000,2015-10-01,"Informational,Commercial,Non-branded,Non-local",English,
sls toothpaste,https://www.ebay.com/itm/366100834761,us,4,1800,0.64,what is sls in toothpaste,1400,2026-02-27 22:42:51,,,0,93,,0,0.00,1,sls toothpaste,1700,0.60,88,Organic,SLS-free toothpaste with fluoride.,3700,1000,2000,2015-10-01,"Informational,Commercial,Non-branded,Non-local",English,
sls toothpaste,https://www.oreateai.com/blog/understanding-sls-in-toothpaste-what-you-need-to-know/f1938c787382075ac21d19b4947edcec,us,4,1800,0.64,what is sls in toothpaste,1400,2026-02-27 22:42:51,,,0,72,,0,0.00,3,what is sls in toothpaste,1400,0.60,89,Organic,Understanding SLS in Toothpaste: What You Need to Know,3700,1000,2000,2015-10-01,"Informational,Commercial,Non-branded,Non-local",English,
sls toothpaste,https://www.realskincare.com/collections/sls-free-toothpaste,us,4,1800,0.64,what is sls in toothpaste,1400,2026-02-27 22:42:51,0,0,7,20,669,1,0.33,17,toothpastes without sls,350,0.60,90,Organic,Shop SLS Free Toothpaste,3700,1000,2000,2015-10-01,"Informational,Commercial,Non-branded,Non-local",English,
sls toothpaste,https://sensitivitytoothpaste.com/the-truth-about-sodium-lauryl-sulfate-and-sensitive-toothpaste-options/,us,4,1800,0.64,what is sls in toothpaste,1400,2026-02-27 22:42:51,,,0,0,,0,0.01,11,does sensodyne have sodium lauryl sulfate,300,0.60,91,Organic,The Truth About Sodium Lauryl Sulfate and Sensitive ...,3700,1000,2000,2015-10-01,"Informational,Commercial,Non-branded,Non-local",English,
sls toothpaste,https://www.instagram.com/reel/DVFp3p9klFo/,us,4,1800,0.64,what is sls in toothpaste,1400,2026-02-27 22:42:51,,,0,100,,0,0.32,23,tooth paste coupon,200,0.60,92,"Organic, Video preview",Parents — what's one toothpaste tip you swear by? Comment ...,3700,1000,2000,2015-10-01,"Informational,Commercial,Non-branded,Non-local",English,
sls toothpaste,https://www.youtube.com/shorts/y_PEjOT7dEA,us,4,1800,0.64,what is sls in toothpaste,1400,2026-02-27 22:42:51,0,0,4,99,25,3,1.66,9,sodium lauryl sulfate canker sores,200,0.60,93,"Organic, Video preview",Sodium Lauryl Sulfate in Toothpaste can Cause Canker Sores,3700,1000,2000,2015-10-01,"Informational,Commercial,Non-branded,Non-local",English,
sls toothpaste,https://www.facebook.com/ClarityOrthodontics/posts/-whats-really-in-your-toothpaste-some-toothpastes-contain-sodium-lauryl-sulfate-/1432113692251809/,us,4,1800,0.64,what is sls in toothpaste,1400,2026-02-27 22:42:51,,,0,100,,0,0.00,1,sls toothpaste,1700,0.60,94,Organic,🦷✨ What's REALLY in your toothpaste? Some ...,3700,1000,2000,2015-10-01,"Informational,Commercial,Non-branded,Non-local",English,
sls toothpaste,https://www.youtube.com/watch?v=w_RmTffTkN0,us,4,1800,0.64,what is sls in toothpaste,1400,2026-02-27 22:42:51,0,0,0,99,,0,0.00,1,sls toothpaste,1700,0.60,95,"Organic, Video preview",SLS in Toothpaste? Why It's Hurting Your Mouth + Best SLS ...,3700,1000,2000,2015-10-01,"Informational,Commercial,Non-branded,Non-local",English,
sls toothpaste,https://worldhealth.net/news/toothpaste-receding-gums-what-really-works/,us,4,1800,0.64,what is sls in toothpaste,1400,2026-02-27 22:42:51,0,0,0,70,2260,3,1.77,16,best toothpaste for gum disease,2000,0.60,96,Organic,Toothpaste for Receding Gums: What Really Works and Why,3700,1000,2000,2015-10-01,"Informational,Commercial,Non-branded,Non-local",English,
sls toothpaste,https://my.clevelandclinic.org/health/diseases/10945-canker-sores,us,4,1800,0.64,what is sls in toothpaste,1400,2026-02-27 22:42:51,553,318,10,92,1873,156143,6435.09,5928,canker sore treatment,51000,0.60,97,Organic,"Canker Sore: Symptoms, Causes & Treatment",3700,1000,2000,2015-10-01,"Informational,Commercial,Non-branded,Non-local",English,
sls toothpaste,https://www.bustle.com/life/the-3-best-sls-free-toothpastes-16977453,us,4,1800,0.64,what is sls in toothpaste,1400,2026-02-27 22:42:51,7,6,4,88,2313,2,2.38,27,what toothpaste does not have sodium lauryl sulfate,200,0.60,98,Organic,"The 5 Best SLS-Free Toothpastes, According To Dentists",3700,1000,2000,2015-10-01,"Informational,Commercial,Non-branded,Non-local",English,Article > Review
